cust_id,label
4,0
9,0
12,0
16,0
19,0
20,0
21,0
24,0
25,0
27,0
30,0
31,0
46,0
47,0
49,0
50,0
53,0
63,0
65,0
66,0
68,0
69,0
76,0
79,0
86,0
91,0
98,0
100,0
104,0
106,0
108,0
117,0
128,0
131,0
132,0
134,0
138,0
140,0
142,0
144,0
148,0
150,0
151,0
152,0
155,0
158,0
162,0
171,0
173,0
176,0
184,0
185,0
191,0
195,0
199,0
200,0
206,0
210,0
219,0
221,0
223,0
227,0
230,0
232,0
238,0
241,0
245,0
263,0
265,0
267,0
273,0
274,0
289,0
290,0
291,0
298,0
299,0
300,0
301,0
304,0
311,0
312,0
314,0
319,0
320,0
357,0
363,0
364,0
366,0
369,0
382,0
387,0
388,0
389,0
390,0
397,0
398,0
401,0
402,0
407,0
409,0
412,0
415,0
416,0
423,0
424,0
426,0
430,0
432,0
433,0
435,0
436,0
438,0
444,0
445,0
447,0
448,0
449,0
450,0
453,0
467,0
471,0
473,0
477,0
478,1
479,0
486,0
490,0
502,0
507,0
511,0
513,0
514,0
516,0
524,0
533,0
535,0
536,0
538,0
540,0
542,0
544,0
547,0
550,0
554,0
564,0
567,0
568,0
570,0
572,0
573,0
574,0
580,0
582,0
589,0
590,0
593,0
595,0
596,0
600,0
610,0
612,0
617,0
632,0
633,0
639,0
642,0
644,0
646,0
648,0
649,0
650,0
651,0
654,0
655,0
659,0
661,0
668,0
669,0
672,0
674,0
676,0
677,0
679,0
680,0
681,0
683,0
685,0
691,0
692,0
693,0
694,0
695,0
698,0
703,0
704,0
706,0
708,0
712,0
714,0
715,0
718,0
721,0
722,0
725,0
726,0
731,0
735,0
739,0
742,0
744,0
748,0
749,0
754,0
757,0
758,0
760,0
765,0
771,0
772,0
773,0
776,0
777,0
779,0
780,0
784,0
787,0
789,0
790,0
794,0
805,0
817,0
819,0
822,0
823,0
828,0
833,0
834,0
839,0
851,0
853,0
857,0
865,0
866,0
874,0
882,0
883,0
887,0
888,0
890,0
896,0
899,0
902,0
905,0
911,0
915,0
916,0
920,0
925,0
929,0
931,0
933,0
936,0
939,0
941,0
944,0
947,0
951,0
952,0
956,0
957,0
962,0
972,0
975,0
978,0
982,0
986,0
989,0
992,0
996,0
997,0
1001,0
1006,0
1012,0
1014,0
1021,0
1024,0
1025,0
1026,0
1028,0
1034,0
1038,0
1039,0
1040,0
1041,0
1042,0
1044,0
1045,0
1048,0
1053,0
1054,0
1056,0
1057,0
1058,0
1060,0
1062,0
1066,0
1068,0
1077,0
1078,0
1082,0
1091,0
1098,0
1103,0
1104,0
1107,0
1108,0
1110,0
1117,0
1120,0
1132,0
1134,0
1141,0
1145,0
1146,0
1148,0
1151,0
1155,0
1156,0
1164,0
1172,0
1192,0
1193,0
1195,0
1198,0
1199,0
1201,0
1202,0
1214,0
1216,0
1224,0
1225,0
1230,0
1237,0
1238,0
1242,0
1243,0
1244,0
1245,0
1246,0
1249,0
1254,0
1256,0
1257,0
1260,0
1263,0
1266,0
1279,0
1284,0
1291,0
1302,0
1305,0
1308,0
1320,0
1332,0
1333,0
1335,0
1343,0
1344,0
1345,0
1346,0
1349,0
1350,0
1351,0
1356,0
1357,0
1360,0
1369,0
1375,0
1376,0
1377,0
1379,0
1382,0
1385,0
1390,0
1397,0
1398,0
1416,0
1417,0
1426,0
1432,0
1435,0
1437,0
1438,0
1448,0
1450,0
1451,0
1453,0
1458,0
1459,0
1460,0
1465,0
1469,0
1472,0
1473,0
1475,0
1476,0
1480,0
1487,0
1491,0
1495,0
1505,0
1506,0
1507,0
1508,0
1510,0
1513,0
1516,0
1517,0
1521,0
1528,0
1530,0
1532,0
1534,0
1535,0
1537,0
1543,0
1548,0
1550,0
1553,0
1556,0
1559,0
1564,0
1565,0
1568,0
1574,0
1586,0
1587,0
1589,0
1597,0
1599,0
1602,0
1610,0
1613,0
1618,0
1619,0
1622,0
1630,0
1632,0
1636,0
1641,0
1652,0
1653,0
1654,0
1664,0
1674,0
1675,0
1676,0
1677,0
1678,0
1679,0
1682,0
1687,0
1688,0
1689,0
1692,0
1694,0
1696,0
1703,0
1707,0
1708,0
1715,0
1716,0
1717,0
1722,0
1725,0
1731,0
1734,0
1735,0
1740,0
1741,0
1742,0
1743,0
1744,0
1746,0
1747,0
1748,0
1754,0
1758,0
1759,0
1760,0
1765,0
1766,0
1767,0
1777,0
1780,0
1783,0
1784,0
1785,0
1786,0
1787,0
1788,0
1790,0
1792,0
1794,0
1799,0
1800,0
1805,0
1806,0
1808,0
1818,0
1819,0
1820,0
1821,0
1823,0
1824,0
1830,0
1831,0
1833,0
1836,0
1841,0
1846,0
1849,0
1851,0
1852,0
1856,0
1875,0
1878,0
1885,0
1890,0
1895,0
1897,0
1901,0
1906,0
1914,0
1928,0
1929,0
1930,0
1934,0
1943,0
1950,0
1952,0
1953,0
1956,0
1957,0
1958,0
1961,0
1962,0
1964,0
1965,0
1968,0
1972,0
1974,0
1977,0
1989,0
1990,0
1992,0
1996,0
1998,0
2001,0
2007,0
2009,0
2010,0
2015,0
2016,0
2021,0
2024,0
2026,0
2027,0
2028,0
2029,0
2031,0
2032,0
2033,0
2034,0
2036,0
2040,0
2041,0
2043,0
2044,0
2045,0
2047,0
2049,0
2053,0
2054,0
2062,0
2063,0
2064,0
2068,0
2070,0
2075,0
2077,0
2079,0
2081,0
2086,0
2087,0
2089,0
2091,0
2097,0
2109,0
2113,0
2115,0
2116,0
2120,0
2121,0
2128,0
2137,0
2146,0
2160,0
2164,0
2165,0
2166,0
2168,0
2169,0
2170,0
2176,0
2177,0
2180,0
2183,0
2192,0
2193,0
2194,0
2198,0
2199,0
2201,0
2202,0
2208,0
2213,0
2214,0
2219,0
2232,0
2233,0
2238,0
2245,0
2247,0
2248,0
2249,0
2251,0
2257,0
2258,0
2259,0
2260,0
2263,0
2272,0
2275,0
2276,0
2283,0
2290,0
2292,0
2293,0
2295,0
2298,0
2300,0
2305,0
2306,0
2308,0
2314,0
2317,0
2318,0
2322,0
2323,0
2327,0
2328,0
2329,0
2332,0
2335,0
2339,0
2341,0
2343,0
2346,0
2355,0
2356,0
2358,0
2360,0
2361,0
2363,0
2366,0
2368,0
2370,0
2371,0
2373,0
2377,0
2380,0
2381,0
2383,0
2386,0
2387,0
2388,0
2389,0
2392,0
2395,0
2397,0
2399,0
2402,0
2404,0
2410,0
2413,0
2420,0
2421,0
2424,0
2428,0
2429,0
2431,0
2432,0
2435,0
2437,0
2439,0
2440,0
2444,0
2449,0
2451,0
2453,0
2466,0
2468,0
2481,0
2483,0
2485,0
2487,0
2488,0
2489,0
2493,0
2495,0
2496,0
2499,0
2503,0
2504,0
2507,0
2515,0
2516,0
2517,0
2518,0
2523,0
2524,0
2540,0
2541,0
2551,0
2555,0
2556,0
2557,0
2560,0
2567,0
2570,0
2579,0
2581,0
2582,0
2588,0
2590,0
2592,0
2595,0
2600,0
2604,0
2605,0
2606,0
2607,0
2610,0
2612,0
2613,0
2616,0
2622,0
2623,0
2628,0
2629,0
2633,0
2639,0
2644,0
2648,0
2658,0
2663,0
2664,0
2665,0
2669,0
2671,0
2673,0
2678,0
2680,0
2686,0
2691,0
2694,0
2696,0
2712,0
2727,0
2732,0
2736,0
2740,0
2745,0
2749,0
2750,0
2755,0
2758,0
2766,0
2777,0
2785,0
2786,0
2789,0
2790,0
2797,0
2799,0
2807,0
2809,0
2811,0
2813,0
2815,0
2820,0
2823,0
2825,0
2829,0
2838,0
2839,0
2842,0
2843,0
2855,0
2859,0
2863,0
2864,0
2871,0
2874,0
2876,0
2877,0
2878,0
2879,0
2883,0
2888,0
2889,0
2896,0
2897,0
2902,0
2903,0
2904,0
2907,0
2909,0
2911,0
2916,0
2917,0
2924,0
2925,0
2926,0
2929,0
2933,0
2936,0
2938,0
2941,0
2956,0
2959,0
2961,0
2966,0
2970,0
2974,0
2982,0
2986,0
2988,0
2994,0
2996,0
2997,0
2999,0
3006,0
3009,0
3012,0
3016,0
3018,0
3022,0
3023,0
3024,0
3030,0
3035,0
3036,0
3038,0
3040,0
3041,0
3043,0
3045,0
3049,0
3056,0
3059,0
3060,0
3061,0
3063,0
3073,0
3074,0
3075,0
3078,0
3082,0
3088,0
3093,0
3096,0
3097,0
3099,0
3101,0
3102,0
3105,0
3109,0
3110,0
3114,0
3120,0
3122,0
3130,0
3131,0
3132,0
3139,0
3140,0
3141,0
3143,0
3148,0
3149,0
3155,0
3157,0
3158,0
3162,0
3167,0
3168,0
3174,0
3175,0
3181,0
3184,0
3185,0
3188,0
3190,0
3192,0
3194,0
3195,0
3200,0
3211,0
3215,0
3218,0
3221,0
3222,0
3225,0
3229,0
3234,0
3236,0
3250,0
3254,0
3255,0
3258,0
3261,0
3264,0
3267,0
3275,0
3283,0
3284,0
3289,0
3292,0
3294,0
3296,0
3297,0
3299,0
3307,0
3308,0
3310,0
3314,0
3317,0
3318,0
3327,0
3331,0
3333,0
3335,0
3338,0
3346,0
3347,0
3353,0
3360,0
3363,0
3375,0
3381,0
3389,0
3392,0
3393,0
3396,0
3402,0
3421,0
3430,0
3431,0
3437,0
3441,0
3443,0
3444,0
3450,0
3454,0
3455,0
3456,0
3463,0
3469,0
3470,0
3471,0
3473,0
3475,0
3478,0
3480,0
3483,0
3490,0
3492,0
3493,0
3498,0
3502,0
3503,0
3508,0
3510,0
3529,0
3530,0
3537,0
3541,0
3543,0
3545,0
3546,0
3547,0
3554,0
3555,0
3557,0
3558,0
3565,0
3567,0
3571,0
3572,0
3575,0
3579,0
3580,0
3597,0
3603,0
3604,0
3605,0
3607,0
3616,0
3619,0
3620,0
3624,0
3626,0
3629,0
3630,0
3635,0
3639,0
3642,0
3643,0
3646,0
3648,0
3649,0
3653,0
3654,0
3661,0
3666,0
3667,0
3669,0
3670,0
3671,0
3675,0
3688,0
3689,0
3690,0
3693,0
3695,0
3703,0
3708,0
3710,0
3712,0
3714,0
3721,0
3723,0
3745,0
3747,0
3748,0
3753,0
3756,0
3759,0
3760,0
3763,0
3766,0
3768,0
3770,0
3771,0
3773,0
3775,0
3777,0
3782,0
3784,0
3787,0
3797,0
3798,0
3804,0
3806,0
3808,0
3811,0
3817,0
3818,0
3819,0
3826,0
3827,0
3836,0
3838,0
3846,0
3850,0
3853,0
3861,0
3866,0
3879,0
3881,0
3884,0
3886,0
3891,0
3894,0
3901,0
3902,0
3903,0
3904,0
3914,0
3915,0
3918,0
3921,0
3925,0
3940,0
3943,0
3944,0
3946,0
3951,0
3955,0
3958,0
3959,0
3962,0
3963,0
3967,0
3973,0
3978,0
3979,0
3981,0
3982,0
3983,0
3986,0
3989,0
3990,0
3991,0
3995,0
3996,0
3998,0
4000,0
4002,0
4003,0
4014,0
4020,0
4024,0
4027,0
4029,0
4031,0
4037,0
4039,0
4042,0
4044,0
4051,0
4053,0
4059,0
4061,0
4062,0
4069,0
4073,0
4074,0
4075,0
4078,0
4080,0
4083,0
4084,0
4086,0
4089,0
4094,0
4098,0
4099,0
4101,0
4103,0
4104,0
4109,0
4111,0
4112,0
4115,0
4117,0
4119,0
4121,0
4124,0
4125,0
4126,0
4130,0
4133,0
4137,0
4149,0
4151,0
4154,0
4157,0
4164,0
4166,0
4172,0
4179,0
4183,0
4187,0
4193,0
4194,0
4198,0
4200,0
4207,0
4209,0
4213,0
4215,0
4217,0
4218,0
4219,0
4220,0
4235,0
4243,0
4248,0
4251,0
4263,0
4265,0
4268,0
4273,0
4285,0
4292,0
4301,0
4316,0
4317,0
4320,0
4321,0
4322,0
4323,0
4326,0
4336,0
4338,0
4340,0
4342,0
4345,0
4346,0
4349,0
4360,0
4363,0
4365,0
4373,0
4375,0
4376,0
4378,0
4379,0
4380,0
4381,0
4387,0
4388,0
4389,0
4402,0
4403,0
4410,0
4414,0
4415,0
4421,0
4423,0
4426,0
4428,0
4429,0
4430,0
4434,0
4438,0
4439,0
4440,0
4441,0
4443,0
4444,0
4453,0
4455,0
4461,0
4465,0
4470,0
4471,0
4472,0
4490,0
4491,0
4492,0
4504,0
4506,0
4510,0
4518,0
4535,0
4539,0
4548,0
4550,0
4555,0
4557,0
4559,0
4563,0
4565,0
4570,0
4572,0
4574,0
4575,0
4577,0
4584,0
4585,0
4586,0
4587,0
4589,0
4593,0
4598,0
4604,0
4605,0
4608,0
4610,0
4614,0
4622,0
4628,0
4633,0
4636,0
4639,0
4640,0
4641,0
4645,0
4646,0
4648,0
4652,0
4655,0
4657,0
4661,0
4662,0
4663,0
4664,0
4665,0
4666,0
4668,0
4670,0
4671,0
4673,0
4674,0
4678,0
4683,0
4684,0
4686,0
4688,0
4690,0
4691,0
4692,0
4697,0
4702,0
4703,0
4704,0
4705,0
4709,0
4712,0
4714,0
4715,0
4716,0
4718,0
4719,0
4721,0
4733,0
4737,0
4745,0
4746,0
4748,0
4752,0
4753,0
4754,0
4759,0
4761,0
4769,0
4770,0
4773,0
4779,0
4785,0
4786,0
4788,0
4791,0
4792,0
4794,0
4795,0
4801,0
4803,0
4817,0
4819,0
4823,0
4824,0
4827,0
4830,0
4831,0
4835,0
4837,0
4838,0
4840,0
4843,0
4846,0
4847,0
4849,0
4859,0
4860,0
4864,0
4868,0
4870,0
4871,0
4873,0
4876,0
4882,0
4887,0
4888,0
4894,0
4895,0
4898,0
4900,0
4906,0
4907,0
4910,0
4917,0
4922,0
4926,0
4928,0
4933,0
4935,0
4937,0
4941,0
4945,0
4948,0
4953,0
4955,0
4957,0
4958,0
4960,0
4964,0
4965,0
4969,0
4972,0
4974,0
4979,0
4983,0
4986,0
4990,0
4991,0
4993,0
4996,0
4999,0
5001,0
5003,0
5007,0
5015,0
5017,0
5019,0
5022,0
5026,0
5029,0
5035,0
5036,0
5038,0
5040,0
5045,0
5046,0
5049,0
5057,0
5061,0
5063,0
5065,0
5066,0
5070,0
5071,0
5072,0
5076,0
5079,0
5080,0
5084,0
5085,0
5086,0
5092,0
5096,0
5097,0
5098,0
5108,0
5117,0
5124,0
5125,0
5126,0
5130,0
5131,0
5132,0
5139,0
5144,0
5147,0
5154,0
5155,0
5159,0
5163,0
5164,0
5166,0
5168,0
5169,0
5175,0
5177,0
5178,0
5180,0
5184,0
5185,0
5190,0
5196,0
5198,0
5208,0
5209,0
5217,0
5220,0
5221,0
5223,0
5225,0
5232,0
5234,0
5239,0
5240,0
5241,0
5243,0
5246,0
5258,0
5261,0
5263,0
5268,0
5270,0
5272,0
5273,0
5274,0
5281,0
5288,0
5289,0
5290,0
5291,0
5293,0
5298,0
5316,0
5317,0
5323,0
5325,0
5330,0
5333,0
5336,0
5337,0
5338,0
5339,0
5341,0
5342,0
5348,0
5351,0
5353,0
5354,0
5360,0
5369,0
5372,0
5375,0
5390,0
5392,0
5397,0
5401,0
5409,0
5410,0
5413,0
5414,0
5418,0
5422,0
5429,0
5438,0
5445,0
5446,0
5447,0
5455,0
5465,0
5473,0
5475,0
5479,0
5488,0
5495,0
5497,0
5499,0
5504,0
5507,0
5509,0
5511,0
5517,0
5521,0
5523,0
5528,0
5540,0
5542,0
5547,0
5552,0
5553,0
5556,0
5560,0
5563,0
5579,0
5582,0
5583,0
5588,0
5592,0
5594,0
5596,0
5598,0
5599,0
5600,0
5602,0
5604,0
5607,0
5609,0
5617,0
5620,0
5624,0
5625,0
5627,0
5632,0
5633,0
5637,0
5639,0
5640,0
5643,0
5647,0
5653,0
5656,0
5658,0
5663,0
5670,0
5672,0
5676,0
5678,0
5679,0
5682,0
5684,0
5691,0
5692,0
5694,0
5698,0
5703,0
5708,0
5715,0
5718,0
5722,0
5724,0
5729,0
5744,0
5747,0
5750,0
5758,0
5761,0
5767,0
5780,0
5783,0
5785,0
5788,0
5790,0
5796,0
5799,0
5804,0
5808,0
5809,0
5811,0
5816,0
5819,0
5821,0
5823,0
5825,0
5826,0
5828,0
5829,0
5833,0
5840,0
5852,0
5853,0
5860,0
5861,0
5862,0
5867,0
5872,0
5873,0
5874,0
5878,0
5879,0
5880,0
5883,0
5886,0
5887,0
5894,0
5907,0
5909,0
5911,0
5912,0
5915,0
5920,0
5922,0
5925,0
5931,0
5934,0
5936,0
5937,0
5943,0
5945,0
5949,0
5951,0
5958,0
5959,0
5960,0
5977,0
5981,0
5984,0
5985,0
5986,0
5988,0
5991,0
5994,0
6001,0
6004,0
6007,0
6008,0
6009,0
6012,0
6014,0
6015,0
6021,0
6033,0
6035,0
6037,0
6038,0
6040,0
6043,0
6057,0
6058,0
6065,0
6071,0
6076,0
6077,0
6083,0
6085,0
6094,0
6098,0
6102,0
6103,0
6105,0
6114,0
6115,0
6116,0
6117,0
6118,0
6121,0
6122,0
6124,0
6128,0
6130,0
6133,0
6135,0
6137,0
6141,0
6144,0
6146,0
6148,0
6149,0
6150,0
6159,0
6161,0
6164,0
6169,0
6173,0
6175,0
6179,0
6184,0
6190,0
6192,0
6193,0
6196,0
6202,0
6208,0
6210,0
6219,0
6221,0
6225,0
6228,0
6230,0
6232,0
6235,0
6236,0
6239,0
6242,0
6243,0
6254,0
6255,0
6257,0
6260,0
6263,0
6265,0
6267,0
6268,0
6269,0
6272,0
6276,0
6280,0
6283,0
6286,0
6291,0
6292,0
6294,0
6296,0
6302,0
6303,0
6304,0
6306,0
6308,0
6309,0
6313,0
6317,0
6319,0
6327,0
6331,0
6335,0
6350,0
6352,0
6356,0
6357,0
6362,0
6364,0
6369,0
6380,0
6383,0
6394,0
6395,0
6401,0
6404,0
6409,0
6413,0
6415,0
6421,0
6425,0
6426,0
6427,0
6428,0
6434,0
6435,0
6440,0
6445,0
6450,0
6453,0
6458,0
6459,0
6460,0
6463,0
6465,0
6468,0
6476,0
6477,0
6479,0
6481,0
6482,0
6485,0
6486,0
6489,0
6501,0
6503,0
6508,0
6510,0
6514,0
6517,0
6519,0
6521,0
6522,0
6530,0
6532,0
6535,0
6539,0
6542,0
6546,0
6558,0
6562,0
6563,0
6564,0
6565,0
6566,0
6568,0
6570,0
6571,0
6572,0
6581,0
6586,0
6588,0
6590,0
6593,0
6598,0
6599,0
6603,0
6612,0
6623,0
6627,0
6628,0
6629,0
6630,0
6636,0
6641,0
6646,0
6649,0
6651,0
6653,0
6654,0
6655,0
6656,0
6665,0
6669,0
6671,0
6672,0
6675,0
6676,0
6680,0
6683,0
6684,0
6685,0
6690,0
6696,0
6698,0
6701,0
6705,0
6707,0
6708,0
6714,0
6715,0
6722,0
6730,0
6732,0
6733,0
6734,0
6737,0
6739,0
6745,0
6746,0
6747,0
6749,0
6758,0
6763,0
6766,0
6774,0
6775,0
6776,0
6780,0
6788,0
6793,0
6797,0
6798,0
6801,0
6806,0
6820,0
6823,0
6825,0
6827,0
6830,0
6831,0
6835,0
6839,0
6840,0
6842,0
6846,0
6847,0
6853,0
6856,0
6865,0
6866,0
6868,0
6869,0
6871,0
6872,0
6874,0
6878,0
6883,0
6885,0
6888,0
6889,0
6890,0
6895,0
6897,0
6898,0
6906,0
6907,0
6917,0
6918,0
6919,0
6926,0
6930,0
6931,0
6933,0
6935,0
6940,0
6949,0
6952,0
6953,0
6956,0
6958,0
6959,0
6966,0
6970,0
6972,0
6973,0
6980,0
6983,0
6993,0
6994,0
6995,0
6997,0
7000,0
7003,0
7005,0
7006,0
7010,0
7011,0
7018,0
7027,0
7029,0
7032,0
7037,0
7039,0
7044,0
7056,0
7061,0
7064,0
7066,0
7068,0
7071,0
7073,0
7079,0
7080,0
7086,0
7089,0
7092,0
7094,0
7104,0
7105,0
7114,0
7124,0
7126,0
7131,0
7135,0
7137,0
7139,0
7143,0
7150,0
7154,0
7155,0
7160,0
7162,0
7164,0
7173,0
7174,0
7176,0
7180,0
7189,0
7192,0
7193,0
7196,0
7200,0
7208,0
7210,0
7212,0
7213,0
7215,0
7234,0
7235,0
7238,0
7252,0
7255,0
7263,0
7266,0
7270,0
7271,0
7273,0
7275,0
7277,0
7282,0
7283,0
7286,0
7288,0
7289,0
7301,0
7306,0
7310,0
7311,0
7314,0
7317,0
7319,0
7326,0
7327,0
7328,0
7331,0
7334,0
7338,0
7343,0
7344,0
7345,0
7346,0
7347,0
7349,0
7353,0
7359,0
7362,0
7366,0
7368,0
7374,0
7376,0
7381,0
7391,0
7398,0
7400,0
7402,0
7403,0
7404,0
7406,0
7410,0
7415,0
7416,0
7421,0
7422,0
7427,0
7429,0
7431,0
7432,0
7435,0
7436,0
7438,0
7443,0
7446,0
7452,0
7456,0
7457,0
7461,0
7462,0
7470,0
7472,0
7473,0
7474,0
7475,0
7477,0
7481,0
7484,0
7487,0
7488,0
7492,0
7493,0
7499,0
7503,0
7506,0
7508,0
7514,0
7538,0
7540,0
7547,0
7549,0
7554,0
7557,0
7559,0
7560,0
7563,0
7565,0
7568,0
7570,0
7572,0
7573,0
7574,0
7576,0
7585,0
7586,0
7589,0
7592,0
7594,0
7598,0
7603,0
7610,0
7616,0
7617,0
7618,0
7631,0
7632,0
7636,0
7639,0
7641,0
7642,0
7643,0
7651,0
7652,0
7655,0
7659,0
7660,0
7664,0
7665,0
7667,0
7668,0
7670,0
7672,0
7680,0
7682,0
7689,0
7697,0
7700,0
7702,0
7703,0
7705,0
7706,0
7714,0
7718,0
7722,0
7723,0
7728,0
7737,0
7740,0
7744,0
7745,0
7748,0
7749,0
7752,0
7755,0
7758,0
7760,0
7765,0
7766,0
7784,0
7789,0
7792,0
7793,0
7794,0
7798,0
7799,0
7802,0
7804,0
7805,0
7810,0
7813,0
7815,0
7816,0
7818,0
7821,0
7830,0
7831,0
7834,0
7835,0
7837,0
7841,0
7845,0
7847,0
7848,0
7851,0
7855,0
7856,0
7858,0
7866,0
7868,0
7873,0
7876,0
7879,0
7891,0
7894,0
7899,0
7900,0
7901,0
7902,0
7906,0
7907,0
7908,0
7910,0
7913,0
7914,0
7920,0
7927,0
7930,0
7936,0
7937,0
7943,0
7956,0
7961,0
7964,0
7968,0
7975,0
7977,0
7978,0
7984,0
7985,0
7987,0
7990,0
7993,0
7996,0
7997,0
7999,0
8002,0
8005,0
8006,0
8010,0
8012,0
8015,0
8016,0
8020,0
8021,0
8022,0
8032,0
8038,0
8039,0
8040,0
8042,0
8045,0
8046,0
8047,0
8057,0
8058,0
8059,0
8063,0
8069,0
8070,0
8072,0
8079,0
8082,0
8085,0
8086,0
8088,0
8091,0
8092,0
8095,0
8096,0
8102,0
8105,0
8106,0
8113,0
8118,0
8120,0
8121,0
8122,0
8124,0
8127,0
8134,0
8141,0
8144,0
8149,0
8151,0
8152,0
8155,0
8161,0
8163,0
8167,0
8170,0
8173,0
8176,0
8181,0
8182,0
8184,0
8188,0
8197,0
8201,0
8202,0
8205,0
8206,0
8207,0
8210,0
8212,0
8213,0
8216,0
8221,0
8225,0
8228,0
8231,0
8233,0
8234,0
8236,0
8238,0
8241,0
8242,0
8245,0
8247,0
8252,0
8255,0
8256,0
8260,0
8266,0
8267,0
8274,0
8275,0
8282,0
8287,0
8294,0
8299,0
8302,0
8303,0
8304,0
8305,0
8311,0
8312,0
8313,0
8315,0
8316,0
8328,0
8330,0
8333,0
8341,0
8343,0
8346,0
8349,0
8350,0
8361,0
8367,0
8369,0
8375,0
8379,0
8381,0
8383,0
8384,0
8387,0
8389,0
8390,0
8391,0
8400,0
8401,0
8406,0
8407,0
8412,0
8428,0
8430,0
8431,0
8432,0
8434,0
8435,0
8439,0
8441,0
8451,0
8452,0
8458,0
8463,0
8466,0
8468,0
8469,0
8471,0
8472,0
8477,0
8478,0
8481,0
8482,0
8484,0
8488,0
8489,0
8492,0
8498,0
8507,0
8508,0
8511,0
8516,0
8517,0
8519,0
8526,0
8529,0
8532,0
8537,0
8538,0
8545,0
8547,0
8549,0
8552,0
8559,0
8560,0
8561,0
8562,0
8564,0
8565,0
8567,0
8570,0
8574,0
8576,0
8590,0
8595,0
8596,0
8602,0
8604,0
8606,0
8614,0
8632,0
8634,0
8636,0
8639,0
8642,0
8648,0
8651,0
8655,0
8661,0
8662,0
8663,0
8667,0
8673,0
8676,0
8677,0
8682,0
8684,0
8695,0
8696,0
8697,0
8701,0
8705,0
8709,0
8711,0
8715,0
8722,0
8724,0
8729,0
8731,0
8733,0
8736,0
8739,0
8740,0
8742,0
8745,0
8752,0
8753,0
8754,0
8755,0
8756,0
8759,0
8761,0
8763,0
8764,0
8771,0
8772,0
8775,0
8782,0
8785,0
8789,0
8791,0
8799,0
8802,0
8809,0
8815,0
8818,0
8819,0
8822,0
8824,0
8830,0
8831,0
8834,0
8840,0
8842,0
8845,0
8852,0
8856,0
8866,0
8878,0
8880,0
8884,0
8888,0
8890,0
8892,0
8894,0
8901,0
8902,0
8904,0
8905,0
8906,0
8907,0
8913,0
8914,0
8916,0
8918,0
8920,0
8923,0
8926,0
8928,0
8929,0
8952,0
8954,0
8964,0
8968,0
8973,0
8974,0
8984,0
8992,0
8995,0
8999,0
9002,0
9006,0
9008,0
9012,0
9016,0
9025,0
9032,0
9035,0
9036,0
9042,0
9046,0
9050,0
9053,0
9056,0
9057,0
9064,0
9070,0
9072,0
9074,0
9075,0
9078,0
9079,0
9085,0
9090,0
9095,0
9098,0
9099,0
9112,0
9114,0
9115,0
9117,0
9122,0
9123,0
9129,0
9130,0
9132,0
9133,0
9135,0
9136,0
9137,0
9139,0
9141,0
9146,0
9155,0
9156,0
9168,0
9170,0
9174,0
9176,0
9183,0
9184,0
9197,0
9199,0
9203,0
9204,0
9206,0
9211,0
9214,0
9217,0
9218,0
9222,0
9225,0
9227,0
9228,0
9230,0
9233,0
9237,0
9242,0
9245,0
9247,0
9248,0
9254,0
9256,0
9257,0
9259,0
9261,0
9268,0
9279,0
9282,0
9285,0
9288,0
9297,0
9299,0
9302,0
9303,0
9308,0
9311,0
9314,0
9328,0
9330,0
9331,0
9334,0
9348,0
9353,0
9354,0
9355,0
9356,0
9358,0
9369,0
9373,0
9375,0
9378,0
9380,0
9390,0
9394,0
9395,0
9397,0
9398,0
9400,0
9403,0
9405,0
9407,0
9408,0
9409,0
9410,0
9414,0
9420,0
9424,0
9425,0
9427,0
9429,0
9430,0
9438,0
9443,0
9447,0
9450,0
9454,0
9455,0
9460,0
9466,0
9468,0
9474,0
9484,0
9485,0
9487,0
9488,0
9489,0
9490,0
9491,0
9492,0
9495,0
9497,0
9507,0
9512,0
9518,0
9520,0
9523,0
9529,0
9534,0
9537,0
9541,0
9543,0
9545,0
9548,0
9550,0
9554,0
9555,0
9557,0
9558,0
9559,0
9560,0
9561,0
9572,0
9577,0
9578,0
9583,0
9585,0
9587,0
9588,0
9592,0
9597,0
9601,0
9602,0
9615,0
9626,0
9628,0
9633,0
9635,0
9638,0
9641,0
9642,0
9643,0
9644,0
9645,0
9646,0
9655,0
9660,0
9664,0
9665,0
9667,0
9670,0
9672,0
9673,0
9674,0
9678,0
9681,0
9683,0
9687,0
9689,0
9690,0
9700,0
9703,0
9707,0
9708,0
9710,0
9716,0
9717,0
9723,0
9725,0
9726,0
9727,0
9738,0
9740,0
9741,0
9747,0
9748,0
9749,0
9752,0
9755,1
9757,0
9760,0
9761,0
9770,0
9771,0
9774,0
9775,0
9780,0
9783,0
9784,0
9791,0
9792,0
9797,0
9799,0
9803,0
9808,0
9814,0
9819,0
9824,0
9825,0
9830,0
9833,0
9834,0
9838,0
9841,0
9842,0
9848,0
9852,0
9854,0
9857,0
9861,0
9862,0
9865,0
9866,0
9873,0
9874,0
9875,0
9877,0
9878,0
9881,0
9882,0
9883,0
9888,0
9890,0
9893,0
9900,0
9903,0
9907,0
9909,0
9912,0
9914,0
9918,0
9920,0
9921,0
9923,0
9924,0
9925,0
9926,0
9927,0
9928,0
9929,0
9936,0
9943,0
9947,0
9953,0
9954,0
9963,0
9971,0
9987,0
9992,0
10003,0
10007,0
10013,0
10024,0
10027,0
10029,0
10030,0
10032,0
10033,0
10034,0
10041,0
10043,0
10045,0
10046,0
10048,0
10049,0
10056,0
10058,0
10062,0
10068,0
10072,0
10084,0
10086,0
10088,0
10097,0
10103,0
10106,0
10110,0
10115,0
10123,0
10128,0
10129,0
10131,0
10133,0
10136,0
10144,0
10145,0
10151,0
10153,0
10154,0
10155,0
10161,0
10162,0
10169,0
10170,0
10176,0
10178,0
10184,0
10187,0
10190,0
10193,0
10195,0
10198,0
10210,0
10213,0
10215,0
10216,0
10219,0
10220,0
10221,0
10223,0
10230,0
10235,0
10236,0
10237,0
10244,0
10246,0
10252,0
10262,0
10268,0
10269,0
10270,0
10271,0
10273,0
10277,0
10278,0
10281,0
10285,0
10289,0
10290,0
10293,0
10301,0
10302,0
10305,0
10306,0
10312,0
10315,0
10316,0
10323,0
10326,0
10327,0
10329,0
10339,0
10342,0
10344,0
10346,0
10348,0
10356,0
10357,0
10365,0
10373,0
10374,0
10377,0
10381,0
10384,0
10387,0
10389,0
10393,0
10400,0
10405,0
10406,0
10412,0
10413,0
10422,0
10423,0
10424,0
10441,0
10445,0
10459,0
10464,0
10465,0
10466,0
10471,0
10473,0
10475,0
10481,0
10486,0
10488,0
10496,0
10497,0
10503,0
10506,0
10508,0
10511,0
10514,0
10516,0
10517,0
10524,0
10526,0
10527,0
10536,0
10540,0
10542,0
10545,0
10549,0
10553,0
10554,0
10556,0
10560,0
10561,0
10563,0
10567,0
10573,0
10574,0
10575,0
10579,0
10580,0
10583,0
10585,0
10586,0
10592,0
10595,0
10610,0
10612,0
10613,0
10621,0
10622,0
10624,0
10630,0
10635,0
10637,0
10638,0
10642,0
10643,0
10646,0
10650,0
10654,0
10658,0
10666,0
10669,0
10675,0
10677,0
10684,0
10692,0
10695,0
10701,0
10706,0
10707,0
10710,0
10711,0
10712,0
10715,0
10718,0
10719,0
10720,0
10724,0
10736,0
10737,0
10743,0
10744,0
10745,0
10746,0
10748,0
10751,0
10758,0
10762,0
10764,0
10767,0
10771,0
10783,0
10785,0
10788,0
10789,0
10792,0
10796,0
10803,0
10805,0
10814,0
10815,0
10816,0
10818,0
10824,0
10826,0
10827,0
10829,0
10830,0
10836,0
10837,0
10844,0
10845,0
10850,0
10852,0
10853,0
10855,0
10861,0
10867,0
10870,0
10874,0
10879,0
10882,0
10885,0
10889,0
10890,0
10891,0
10894,0
10896,0
10897,0
10899,0
10904,0
10906,0
10915,0
10916,0
10918,0
10923,0
10924,0
10928,0
10931,0
10934,0
10935,0
10938,0
10941,0
10955,0
10957,0
10960,0
10970,0
10972,0
10973,0
10979,0
10983,0
10985,0
10988,0
10989,0
10990,0
10991,0
10992,0
10996,0
10999,0
11000,0
11002,0
11007,0
11015,0
11019,0
11020,0
11026,0
11030,0
11042,0
11044,0
11047,0
11049,0
11050,0
11052,0
11053,0
11060,0
11062,0
11070,0
11075,0
11077,0
11087,0
11088,0
11089,0
11097,0
11104,0
11110,0
11111,0
11112,0
11117,0
11120,0
11123,0
11126,0
11130,0
11131,0
11133,0
11134,0
11135,0
11137,0
11141,0
11143,0
11145,0
11152,0
11153,0
11158,0
11159,0
11160,0
11161,0
11163,0
11165,0
11168,0
11172,0
11173,0
11175,0
11176,0
11188,0
11192,0
11202,0
11204,0
11205,0
11208,0
11210,0
11211,0
11215,0
11217,0
11220,0
11225,0
11235,0
11238,0
11239,0
11240,0
11252,0
11255,0
11262,0
11263,0
11264,0
11270,0
11271,0
11272,0
11278,0
11280,0
11282,0
11291,0
11293,0
11298,0
11299,0
11301,0
11302,0
11308,0
11312,0
11318,0
11319,0
11321,0
11330,0
11336,0
11337,0
11338,0
11348,0
11349,0
11353,0
11355,0
11356,0
11357,0
11358,0
11359,0
11360,0
11361,0
11364,0
11367,0
11368,1
11369,0
11379,0
11384,0
11393,0
11395,0
11402,0
11404,0
11408,0
11410,0
11411,0
11412,0
11418,0
11423,0
11425,0
11427,0
11429,0
11430,0
11431,0
11433,0
11437,0
11448,0
11453,0
11467,0
11477,0
11482,0
11484,0
11486,0
11488,0
11498,0
11500,0
11502,0
11506,0
11508,0
11514,0
11515,0
11527,0
11528,0
11529,0
11534,0
11536,0
11546,0
11551,0
11552,0
11554,0
11558,0
11561,0
11564,0
11567,0
11568,0
11572,0
11573,0
11574,0
11575,0
11581,0
11582,0
11585,0
11586,0
11587,0
11591,0
11593,0
11612,0
11613,0
11619,0
11622,0
11623,0
11624,0
11631,0
11632,0
11633,0
11634,0
11635,0
11636,0
11637,0
11638,0
11643,0
11657,0
11663,0
11669,0
11677,0
11678,0
11679,0
11681,0
11688,0
11690,0
11691,0
11693,0
11694,0
11695,0
11699,0
11700,0
11701,0
11702,0
11703,0
11706,0
11717,0
11718,0
11719,0
11723,0
11724,0
11729,0
11734,0
11740,0
11742,0
11748,0
11755,0
11763,0
11765,0
11767,0
11768,0
11771,0
11773,0
11776,0
11777,0
11778,0
11779,0
11780,0
11783,0
11785,0
11786,0
11788,0
11792,0
11797,0
11801,0
11802,0
11803,0
11809,0
11810,0
11813,0
11814,0
11815,0
11819,0
11820,0
11823,0
11826,0
11827,0
11829,0
11833,0
11838,0
11844,0
11850,0
11851,0
11858,0
11860,0
11871,0
11872,0
11879,0
11880,0
11885,0
11886,0
11892,0
11897,0
11898,0
11900,0
11905,0
11907,0
11909,0
11910,0
11915,0
11917,0
11925,0
11927,0
11933,0
11934,0
11936,0
11937,0
11942,0
11944,0
11949,0
11951,0
11952,0
11953,0
11954,0
11957,0
11960,0
11962,0
11964,0
11969,0
11973,0
11978,0
11989,0
11995,0
11996,0
11998,0
12000,0
12007,0
12016,0
12018,0
12022,0
12024,0
12025,0
12034,0
12035,0
12036,0
12040,0
12042,0
12044,0
12046,0
12050,0
12052,0
12056,0
12057,0
12059,0
12061,0
12065,0
12069,0
12070,0
12071,0
12072,0
12073,0
12075,0
12078,0
12079,0
12086,0
12092,0
12094,0
12095,0
12101,0
12102,0
12106,0
12115,0
12117,0
12119,0
12126,0
12128,0
12136,0
12148,0
12150,0
12153,0
12154,0
12156,0
12162,0
12163,0
12165,0
12177,0
12180,0
12181,0
12182,0
12188,0
12191,0
12194,0
12195,0
12199,0
12201,0
12204,0
12211,0
12212,0
12215,0
12216,0
12217,0
12218,0
12219,0
12220,0
12222,0
12229,0
12230,0
12232,0
12234,0
12237,0
12238,0
12239,0
12241,0
12252,0
12253,0
12259,0
12263,0
12264,0
12265,0
12266,0
12269,0
12270,0
12272,0
12273,0
12277,0
12278,0
12280,0
12281,0
12282,0
12292,0
12295,0
12297,0
12298,0
12307,0
12308,0
12314,0
12316,0
12318,0
12323,0
12327,0
12330,0
12336,0
12342,0
12351,0
12353,0
12354,0
12357,0
12364,0
12369,0
12371,0
12374,0
12382,0
12383,0
12387,0
12389,0
12390,0
12395,0
12409,0
12413,0
12416,0
12417,0
12421,0
12426,0
12434,0
12435,0
12440,0
12444,0
12446,0
12447,0
12450,0
12458,0
12461,0
12463,0
12465,0
12469,0
12470,0
12473,0
12480,0
12482,0
12489,0
12492,0
12494,0
12508,0
12512,0
12516,0
12533,0
12540,0
12542,0
12560,0
12569,0
12570,0
12571,0
12574,0
12578,0
12581,0
12586,0
12587,0
12589,0
12597,0
12610,0
12611,0
12612,0
12613,0
12620,0
12628,0
12631,0
12637,0
12640,0
12641,0
12642,0
12644,0
12645,0
12652,0
12654,0
12656,0
12658,0
12665,0
12673,0
12674,0
12677,0
12679,0
12681,0
12686,0
12688,0
12689,0
12692,0
12693,0
12695,0
12698,0
12700,0
12702,0
12706,0
12707,0
12710,0
12711,0
12712,0
12720,0
12722,0
12729,0
12732,0
12735,0
12736,0
12739,0
12740,0
12743,0
12745,0
12748,0
12749,0
12750,0
12752,0
12758,0
12760,0
12764,0
12766,0
12767,0
12771,0
12776,0
12781,0
12782,0
12783,0
12785,0
12789,0
12792,0
12799,0
12806,0
12807,0
12812,0
12819,0
12827,0
12828,0
12830,0
12837,0
12838,0
12839,0
12841,0
12845,0
12848,0
12861,0
12865,0
12866,0
12869,0
12876,0
12879,0
12882,0
12883,0
12884,0
12892,0
12895,0
12897,0
12899,0
12902,0
12912,0
12915,0
12920,0
12922,0
12924,0
12930,0
12931,0
12941,0
12947,0
12952,0
12959,0
12963,0
12965,0
12968,0
12986,0
12992,0
12994,0
12999,0
13000,0
13002,0
13005,0
13008,0
13010,0
13015,0
13017,0
13021,0
13026,0
13027,0
13031,0
13034,0
13048,0
13051,0
13053,0
13054,0
13058,0
13060,0
13063,0
13064,0
13071,0
13074,0
13077,0
13082,0
13083,0
13084,0
13091,0
13092,0
13093,0
13097,0
13106,0
13110,0
13113,0
13114,0
13115,0
13116,0
13121,0
13125,0
13126,0
13127,0
13130,0
13134,0
13135,0
13136,0
13145,0
13149,0
13150,0
13152,0
13155,0
13156,0
13158,0
13161,0
13162,0
13167,0
13172,0
13174,0
13175,0
13176,0
13177,0
13180,0
13184,0
13189,0
13190,0
13197,0
13198,0
13202,0
13203,0
13205,0
13207,0
13209,0
13220,0
13221,0
13222,0
13225,0
13227,0
13228,0
13232,0
13233,0
13241,0
13242,0
13250,0
13251,0
13252,0
13253,0
13255,0
13258,0
13262,0
13265,0
13266,0
13270,0
13271,0
13273,0
13278,0
13284,0
13287,0
13293,0
13295,0
13298,0
13299,0
13302,0
13303,0
13305,0
13307,0
13312,0
13313,0
13316,0
13321,0
13332,0
13333,0
13336,0
13337,0
13338,0
13344,0
13348,0
13354,0
13355,0
13356,0
13361,0
13362,0
13369,0
13371,0
13380,0
13385,0
13390,0
13391,0
13394,0
13400,0
13404,0
13405,0
13407,0
13415,0
13418,0
13419,0
13420,0
13422,0
13430,0
13443,0
13445,0
13447,0
13448,0
13449,0
13451,0
13453,0
13461,0
13462,0
13471,0
13475,0
13478,0
13482,0
13483,0
13485,0
13487,0
13493,0
13499,0
13500,0
13508,0
13509,0
13513,0
13514,0
13518,0
13524,0
13530,0
13531,0
13533,0
13534,0
13538,0
13539,0
13541,0
13544,0
13547,0
13548,0
13550,0
13551,0
13557,0
13559,0
13568,0
13571,0
13576,0
13577,0
13580,0
13581,0
13587,0
13589,0
13596,0
13598,0
13608,0
13609,0
13610,0
13617,0
13619,0
13621,0
13624,0
13629,0
13631,0
13632,0
13633,0
13634,0
13635,0
13636,0
13637,0
13639,0
13641,0
13645,0
13652,0
13653,0
13658,0
13664,0
13667,0
13669,0
13674,0
13676,0
13679,0
13684,0
13695,0
13698,0
13699,0
13702,0
13705,0
13706,0
13713,0
13724,0
13725,0
13731,0
13732,0
13734,0
13740,0
13741,0
13743,0
13744,0
13751,0
13752,0
13754,0
13758,0
13764,0
13766,0
13770,0
13787,0
13792,0
13802,0
13803,0
13805,0
13816,0
13818,0
13822,0
13823,0
13828,0
13830,0
13832,0
13834,0
13836,0
13837,0
13838,0
13840,0
13846,0
13847,0
13851,0
13861,0
13862,0
13864,0
13865,0
13867,0
13868,0
13869,0
13871,0
13874,0
13876,0
13882,0
13883,0
13884,0
13885,0
13890,0
13891,0
13894,0
13901,0
13904,0
13916,0
13917,0
13924,0
13926,0
13927,0
13928,0
13929,0
13932,0
13933,0
13934,0
13940,0
13941,0
13945,0
13946,0
13958,0
13959,0
13972,0
13976,0
13977,0
13979,0
13980,0
13983,0
13985,0
13992,0
13996,0
13997,0
14001,0
14008,0
14009,0
14012,0
14013,0
14019,0
14022,0
14028,0
14029,0
14032,0
14037,0
14041,0
14042,0
14048,0
14049,0
14054,0
14056,0
14057,0
14058,0
14060,0
14065,0
14071,0
14074,0
14079,0
14081,0
14092,0
14095,0
14096,0
14098,0
14104,0
14107,0
14110,0
14120,0
14123,0
14126,0
14127,0
14131,0
14133,0
14136,0
14138,0
14139,0
14143,0
14144,0
14147,0
14154,0
14155,0
14158,0
14162,0
14163,0
14167,0
14170,0
14175,0
14182,0
14184,0
14190,0
14191,0
14192,0
14202,0
14203,0
14205,0
14209,0
14215,0
14217,0
14218,0
14221,0
14226,0
14227,0
14229,0
14238,0
14244,0
14247,0
14248,0
14251,0
14255,0
14257,0
14265,0
14270,0
14271,0
14277,0
14283,0
14293,0
14296,0
14300,0
14302,0
14303,0
14304,0
14311,0
14316,0
14326,0
14329,0
14337,0
14338,0
14341,0
14345,0
14351,0
14353,0
14355,0
14360,0
14363,0
14364,0
14367,0
14368,0
14370,0
14371,0
14374,0
14377,0
14382,0
14387,0
14390,0
14398,0
14400,0
14401,0
14402,0
14403,0
14404,0
14405,0
14407,0
14409,0
14413,0
14416,0
14419,0
14421,0
14426,0
14430,0
14432,0
14437,0
14440,0
14445,0
14455,0
14465,0
14468,0
14469,0
14473,0
14478,0
14480,0
14483,0
14485,0
14486,0
14489,0
14492,0
14494,0
14495,0
14496,0
14499,0
14511,0
14514,0
14516,0
14523,0
14535,0
14541,0
14544,0
14546,0
14548,0
14550,0
14556,0
14557,0
14559,0
14564,0
14568,0
14570,0
14574,0
14576,0
14592,0
14593,0
14594,0
14603,0
14604,0
14608,0
14609,0
14610,0
14614,0
14620,0
14621,0
14624,0
14627,0
14633,0
14634,0
14635,0
14637,0
14641,0
14645,0
14646,0
14647,0
14648,0
14652,0
14658,0
14662,0
14664,0
14668,0
14670,0
14671,0
14673,0
14677,0
14685,0
14686,0
14688,0
14689,0
14691,0
14694,0
14695,0
14706,0
14708,0
14713,0
14720,0
14723,0
14725,0
14730,0
14732,0
14738,0
14739,0
14743,0
14745,0
14751,0
14755,0
14758,0
14759,0
14762,0
14764,0
14765,0
14772,0
14773,0
14777,0
14779,0
14784,0
14787,0
14788,0
14791,0
14799,0
14802,0
14806,0
14811,0
14817,1
14822,0
14823,0
14824,0
14832,0
14833,0
14845,0
14854,0
14855,0
14856,0
14865,0
14875,0
14883,0
14884,0
14887,0
14892,0
14893,0
14894,0
14895,0
14903,0
14906,0
14908,0
14914,0
14917,0
14919,0
14920,0
14923,0
14930,0
14931,0
14934,0
14936,0
14938,0
14939,0
14942,0
14943,0
14944,0
14950,0
14952,0
14954,0
14956,0
14960,0
14965,0
14967,0
14971,0
14978,0
14982,0
14988,0
14990,0
14996,0
14998,0
15000,0
15004,0
15005,0
15006,0
15007,0
15009,0
15011,0
15017,0
15019,0
15022,0
15031,0
15037,0
15039,0
15040,0
15044,0
15045,0
15046,0
15050,0
15053,0
15054,0
15057,0
15063,0
15067,0
15068,0
15069,0
15073,0
15074,0
15076,0
15077,0
15079,0
15087,0
15088,0
15093,0
15095,0
15096,0
15097,0
15101,0
15103,0
15108,0
15109,0
15110,0
15120,0
15122,0
15127,0
15137,0
15141,0
15144,0
15149,0
15155,0
15156,0
15157,0
15165,0
15168,0
15170,0
15171,0
15172,0
15176,0
15178,0
15182,0
15183,0
15185,0
15186,0
15191,0
15195,0
15196,0
15199,0
15209,0
15214,0
15222,0
15226,0
15227,0
15228,0
15230,0
15234,0
15237,0
15239,0
15245,0
15247,0
15252,0
15253,0
15259,0
15269,0
15278,0
15280,0
15283,0
15285,0
15288,0
15293,0
15294,0
15295,0
15298,0
15304,0
15306,0
15307,0
15308,0
15314,0
15316,0
15317,0
15326,0
15328,0
15332,0
15335,0
15336,0
15338,0
15343,0
15344,0
15346,0
15351,0
15355,0
15358,0
15366,0
15367,0
15372,0
15373,0
15383,0
15389,0
15390,0
15391,0
15392,0
15394,0
15400,0
15404,0
15408,0
15411,0
15415,0
15427,0
15431,0
15434,0
15442,0
15444,0
15445,0
15448,0
15450,0
15452,0
15453,0
15458,0
15463,0
15465,0
15466,0
15471,0
15472,0
15477,0
15478,0
15479,0
15480,0
15484,0
15487,0
15489,0
15491,0
15494,0
15495,0
15496,0
15510,0
15511,0
15518,0
15524,0
15526,0
15527,0
15528,0
15530,0
15538,0
15540,0
15541,0
15543,0
15558,0
15562,0
15563,0
15564,0
15565,0
15566,0
15567,0
15568,0
15574,0
15577,0
15586,0
15588,0
15591,0
15599,0
15603,0
15611,0
15615,0
15618,0
15630,0
15631,0
15633,0
15635,0
15636,0
15637,0
15642,0
15643,0
15644,0
15647,0
15649,0
15653,0
15661,0
15667,0
15673,0
15674,0
15681,0
15684,0
15688,0
15690,0
15692,0
15694,0
15697,0
15699,0
15707,0
15710,0
15711,0
15713,0
15714,0
15719,0
15720,0
15723,0
15732,0
15733,0
15737,0
15739,0
15741,0
15742,0
15746,0
15748,0
15750,0
15755,0
15757,0
15760,0
15764,0
15770,0
15777,0
15778,0
15781,0
15783,0
15784,0
15799,0
15801,0
15804,0
15807,0
15814,0
15820,0
15826,0
15831,0
15834,0
15835,0
15836,0
15837,0
15838,0
15839,0
15843,0
15845,0
15847,0
15852,0
15853,0
15860,0
15863,0
15865,0
15866,0
15867,0
15870,0
15872,0
15876,0
15882,0
15886,0
15896,0
15901,0
15902,0
15904,0
15911,0
15915,0
15917,0
15919,0
15923,0
15925,0
15926,0
15927,0
15930,0
15932,0
15935,0
15944,0
15948,0
15950,0
15951,0
15956,0
15962,0
15969,0
15970,0
15972,0
15979,0
15985,0
15990,0
15992,0
15993,0
15997,0
15999,0
16000,0
16001,0
16002,0
16004,0
16007,0
16009,0
16010,0
16013,0
16015,0
16017,0
16018,0
16022,0
16043,0
16044,0
16046,0
16047,0
16052,0
16058,0
16060,0
16063,0
16064,0
16066,0
16069,0
16071,0
16073,0
16080,0
16081,0
16082,0
16086,0
16087,0
16092,0
16093,0
16100,0
16101,0
16103,0
16104,0
16105,0
16107,0
16119,0
16120,0
16123,0
16127,0
16129,0
16131,0
16132,0
16134,0
16139,0
16145,0
16153,0
16160,0
16165,0
16168,0
16170,0
16175,0
16177,0
16182,0
16183,0
16187,0
16189,0
16190,0
16197,0
16200,0
16202,0
16203,0
16205,0
16208,0
16209,0
16210,0
16212,0
16219,0
16226,0
16228,0
16229,0
16233,0
16235,0
16240,0
16256,0
16261,0
16271,0
16275,0
16278,0
16285,0
16292,0
16294,0
16307,0
16309,0
16311,0
16313,0
16316,0
16321,0
16324,0
16325,0
16328,0
16331,0
16332,0
16339,0
16346,0
16347,0
16349,0
16359,0
16360,0
16361,0
16369,0
16370,0
16374,0
16376,0
16378,0
16389,0
16391,0
16399,0
16406,0
16408,0
16411,0
16413,0
16416,0
16417,0
16420,0
16430,0
16443,0
16451,0
16454,0
16456,0
16459,0
16460,0
16461,0
16466,0
16468,0
16469,0
16471,0
16474,0
16475,0
16479,0
16482,0
16483,0
16485,0
16490,0
16494,0
16497,0
16504,0
16505,0
16508,0
16510,0
16513,0
16515,0
16517,0
16523,0
16524,0
16529,0
16530,0
16531,0
16532,0
16536,0
16543,0
16549,0
16554,0
16555,0
16557,0
16558,0
16561,0
16563,0
16564,0
16566,0
16568,0
16572,0
16573,0
16574,0
16578,0
16587,0
16588,0
16593,0
16594,0
16596,0
16597,0
16599,0
16603,0
16604,0
16605,0
16608,0
16609,0
16611,0
16624,0
16625,0
16635,0
16641,0
16642,0
16648,0
16666,0
16667,0
16668,0
16670,0
16672,0
16676,0
16678,0
16679,0
16682,0
16683,0
16684,0
16686,0
16688,0
16693,0
16696,0
16697,0
16699,0
16701,0
16702,0
16705,0
16713,0
16719,0
16724,0
16727,0
16728,0
16732,0
16748,0
16749,0
16754,0
16755,0
16756,0
16760,0
16762,0
16763,0
16769,0
16775,0
16781,0
16786,0
16790,0
16796,0
16800,0
16809,0
16811,0
16814,0
16821,0
16825,0
16829,0
16832,0
16834,0
16837,0
16841,0
16846,0
16854,0
16855,0
16862,0
16864,0
16865,0
16885,0
16890,0
16892,0
16893,0
16894,0
16907,0
16912,0
16914,0
16918,0
16924,0
16925,0
16926,0
16931,0
16932,0
16933,0
16935,0
16937,0
16938,0
16941,0
16945,0
16946,0
16947,0
16950,0
16958,0
16959,0
16960,0
16962,0
16964,0
16972,0
16973,0
16974,0
16977,0
16981,0
16983,0
16989,0
16998,0
16999,0
17004,0
17005,0
17006,0
17010,0
17011,0
17012,0
17013,0
17014,0
17017,0
17021,0
17023,0
17028,0
17029,0
17030,0
17031,0
17034,0
17037,0
17039,0
17040,0
17046,0
17050,0
17052,0
17054,0
17060,0
17067,0
17077,0
17078,0
17080,0
17082,0
17083,0
17089,0
17096,0
17098,0
17105,0
17108,0
17111,0
17112,0
17116,0
17118,0
17122,0
17125,0
17131,0
17134,0
17136,0
17137,0
17138,0
17140,0
17146,0
17147,0
17151,0
17153,0
17154,0
17163,0
17165,0
17168,0
17170,0
17178,0
17183,0
17184,0
17186,0
17192,0
17201,0
17205,0
17210,0
17213,0
17217,0
17225,0
17226,0
17229,0
17230,0
17231,0
17235,0
17238,0
17246,0
17249,0
17251,0
17252,0
17254,0
17257,0
17258,0
17262,0
17263,0
17266,0
17268,0
17270,0
17271,0
17283,0
17286,0
17288,0
17291,0
17301,0
17302,0
17306,0
17314,0
17320,0
17322,0
17323,0
17331,0
17332,0
17337,0
17338,0
17340,0
17343,0
17344,0
17346,0
17351,0
17358,0
17359,0
17366,0
17368,0
17371,0
17373,0
17375,0
17384,0
17389,0
17394,0
17395,0
17397,0
17398,0
17401,0
17404,0
17406,0
17407,0
17408,0
17416,0
17417,0
17420,0
17423,0
17426,0
17427,0
17428,0
17432,0
17443,0
17444,0
17450,0
17453,0
17454,0
17458,0
17461,0
17463,0
17464,0
17465,0
17466,0
17467,0
17468,0
17470,0
17474,0
17475,0
17479,0
17482,0
17484,0
17492,0
17494,0
17497,0
17500,0
17517,0
17521,0
17522,0
17527,0
17536,0
17537,0
17539,0
17543,0
17545,0
17548,0
17552,0
17557,0
17559,0
17562,0
17566,0
17568,0
17572,0
17575,0
17579,0
17583,0
17584,0
17589,0
17595,0
17597,0
17598,0
17600,0
17601,0
17604,0
17614,0
17618,0
17624,0
17632,0
17634,0
17635,0
17641,0
17644,0
17645,0
17646,0
17647,0
17648,0
17661,0
17664,0
17670,0
17671,0
17672,0
17675,0
17677,0
17697,0
17700,0
17701,0
17704,0
17710,0
17712,0
17722,0
17725,0
17732,0
17735,0
17740,0
17742,0
17743,0
17744,0
17745,0
17750,0
17752,0
17755,0
17756,0
17758,0
17759,0
17761,0
17763,0
17764,0
17767,0
17778,0
17782,0
17783,0
17791,0
17799,0
17800,0
17801,0
17805,0
17807,0
17817,0
17819,0
17821,0
17830,0
17833,0
17834,0
17840,0
17847,0
17852,0
17857,0
17865,0
17867,0
17869,0
17871,0
17872,0
17874,0
17885,0
17888,0
17894,0
17896,0
17899,0
17901,0
17902,0
17903,0
17905,0
17908,0
17910,0
17914,0
17920,0
17921,0
17924,0
17928,0
17930,0
17931,0
17933,0
17934,0
17937,0
17945,0
17946,0
17948,0
17957,0
17960,0
17966,0
17971,0
17972,0
17975,0
17978,0
17979,0
17983,0
17986,0
17993,0
17997,0
17998,0
18000,0
18001,0
18005,0
18010,0
18012,0
18013,0
18029,0
18030,0
18035,0
18038,0
18046,0
18048,0
18049,0
18050,0
18051,0
18052,0
18054,0
18056,0
18058,0
18064,0
18068,0
18074,0
18077,0
18078,0
18080,0
18086,0
18090,0
18091,0
18093,0
18097,0
18102,0
18106,0
18111,0
18118,0
18124,0
18130,0
18131,0
18141,0
18144,0
18146,0
18163,0
18165,0
18172,0
18177,0
18178,0
18180,0
18183,0
18186,0
18194,0
18195,0
18199,0
18202,0
18205,0
18210,0
18213,0
18214,0
18217,0
18220,0
18221,0
18229,0
18233,0
18234,0
18236,0
18240,0
18241,0
18243,0
18247,0
18250,0
18253,0
18262,0
18263,0
18266,0
18267,0
18268,0
18275,0
18278,0
18281,0
18285,0
18289,0
18292,0
18294,0
18295,0
18296,0
18297,0
18300,0
18301,0
18308,0
18310,0
18312,0
18317,0
18319,0
18322,0
18324,0
18327,0
18334,0
18335,0
18340,0
18343,0
18349,0
18352,0
18353,0
18358,0
18361,0
18363,0
18364,0
18371,0
18372,0
18373,0
18379,0
18383,0
18385,0
18390,0
18395,0
18398,0
18403,0
18405,0
18406,0
18415,0
18422,0
18429,0
18431,0
18442,0
18444,0
18448,0
18450,0
18451,0
18455,0
18456,0
18461,0
18463,0
18467,0
18469,0
18475,0
18485,0
18488,0
18491,0
18496,0
18499,0
18501,0
18506,0
18507,0
18513,0
18517,0
18518,0
18520,0
18524,0
18525,0
18529,0
18540,0
18545,0
18549,0
18550,0
18554,0
18555,0
18556,0
18558,0
18559,0
18561,0
18563,0
18565,0
18573,0
18578,0
18582,0
18584,0
18588,0
18589,0
18590,0
18599,0
18600,0
18601,0
18607,0
18609,0
18612,0
18613,0
18616,0
18620,0
18624,0
18625,0
18630,0
18634,0
18637,0
18639,0
18646,0
18650,0
18652,0
18653,0
18670,0
18684,0
18703,0
18709,0
18712,0
18716,0
18721,0
18722,0
18725,0
18727,0
18733,0
18735,0
18736,0
18737,0
18740,0
18741,0
18743,0
18748,0
18749,0
18751,0
18752,0
18753,0
18755,0
18760,0
18762,0
18763,0
18768,0
18770,0
18775,0
18778,0
18782,0
18787,0
18788,0
18794,0
18797,0
18799,0
18800,0
18802,0
18804,0
18807,0
18811,0
18812,0
18815,0
18816,0
18830,0
18831,0
18832,0
18833,0
18835,0
18841,0
18846,0
18851,0
18853,0
18855,0
18856,0
18865,0
18868,0
18874,0
18888,0
18889,0
18891,0
18893,0
18898,0
18899,0
18901,0
18905,0
18910,0
18911,0
18913,0
18915,0
18918,0
18919,0
18920,0
18923,0
18924,0
18925,0
18936,0
18938,0
18939,0
18945,0
18949,0
18953,0
18962,0
18963,0
18974,0
18975,0
18977,0
18982,0
18983,0
18984,0
18985,0
18986,0
18991,0
18994,0
19002,0
19004,0
19005,0
19011,0
19013,0
19016,0
19024,0
19025,0
19027,0
19029,0
19031,0
19034,0
19037,0
19040,0
19044,0
19045,0
19047,0
19049,0
19052,0
19055,0
19056,0
19057,0
19061,0
19065,0
19067,0
19073,0
19082,0
19083,0
19084,0
19086,0
19088,0
19089,0
19092,0
19093,0
19097,0
19098,0
19101,0
19104,0
19106,0
19111,0
19115,0
19116,0
19120,0
19121,0
19125,0
19127,0
19128,0
19131,0
19132,0
19133,0
19136,0
19145,0
19150,0
19153,0
19154,0
19159,0
19160,0
19161,0
19166,0
19167,0
19169,0
19174,0
19179,0
19180,0
19181,0
19183,0
19185,0
19190,0
19197,0
19201,0
19207,0
19212,0
19213,0
19214,0
19216,0
19219,0
19226,0
19228,0
19230,0
19232,0
19235,0
19236,0
19237,0
19238,0
19241,0
19243,0
19249,0
19258,0
19260,0
19262,0
19265,0
19271,0
19274,0
19277,0
19279,0
19283,1
19284,0
19292,0
19293,0
19297,0
19298,0
19299,0
19300,0
19316,0
19318,0
19319,0
19329,0
19333,0
19335,0
19336,0
19344,0
19345,0
19346,0
19355,0
19358,0
19360,0
19373,0
19374,0
19378,0
19383,0
19384,0
19393,0
19394,0
19400,0
19402,0
19405,0
19409,0
19411,0
19413,0
19415,0
19419,0
19423,0
19428,0
19433,0
19444,0
19449,0
19453,0
19457,0
19459,0
19460,0
19469,0
19470,0
19472,0
19474,0
19481,0
19482,0
19484,0
19490,0
19491,0
19493,0
19497,0
19505,0
19506,0
19510,0
19516,0
19517,0
19522,0
19524,0
19525,0
19527,0
19534,0
19537,0
19539,0
19540,0
19548,0
19549,0
19550,0
19556,0
19562,0
19564,0
19569,0
19571,0
19576,0
19578,0
19580,0
19584,0
19590,0
19593,0
19594,0
19598,0
19600,0
19603,0
19604,0
19613,0
19619,0
19622,0
19628,0
19633,0
19634,0
19640,0
19643,0
19645,0
19646,0
19651,0
19659,0
19660,0
19661,0
19662,0
19670,0
19671,0
19677,0
19678,0
19680,0
19682,0
19686,0
19692,0
19695,0
19696,0
19697,0
19698,0
19700,0
19703,0
19705,0
19711,0
19714,0
19720,0
19722,0
19725,0
19727,0
19728,0
19731,0
19732,0
19733,0
19737,0
19739,0
19740,0
19746,0
19749,0
19756,0
19760,0
19767,0
19776,0
19778,0
19784,0
19785,0
19794,0
19800,0
19803,0
19804,0
19809,0
19810,0
19812,0
19813,0
19817,0
19822,0
19823,0
19825,0
19834,0
19839,0
19844,0
19848,0
19850,0
19851,0
19863,0
19873,0
19874,0
19878,0
19881,0
19894,0
19900,0
19903,0
19904,0
19905,0
19906,0
19909,0
19911,0
19914,0
19917,0
19919,0
19920,0
19923,0
19924,0
19927,0
19929,0
19933,0
19940,0
19941,0
19943,0
19946,0
19947,0
19949,0
19953,0
19958,0
19964,0
19965,0
19977,0
19980,0
19982,0
19983,0
19992,0
19995,0
19996,0
20003,0
20006,0
20009,0
20014,0
20015,0
20016,0
20017,0
20019,0
20020,0
20023,0
20029,0
20030,0
20040,0
20044,0
20046,0
20049,0
20055,0
20057,0
20061,0
20065,0
20069,0
20070,0
20077,0
20085,0
20087,0
20092,0
20095,0
20106,0
20107,0
20110,0
20114,0
20116,0
20119,0
20120,0
20121,0
20126,0
20129,0
20132,0
20134,0
20138,0
20139,0
20140,0
20144,0
20151,0
20154,0
20162,0
20163,0
20165,0
20166,0
20170,0
20174,0
20176,0
20186,0
20190,0
20193,0
20201,0
20203,0
20210,0
20215,0
20216,0
20220,0
20221,0
20224,0
20236,0
20237,0
20241,0
20242,0
20245,0
20247,0
20248,0
20256,0
20258,0
20266,0
20272,0
20278,0
20279,0
20280,0
20282,0
20284,0
20292,0
20293,0
20297,0
20298,0
20300,0
20307,0
20310,0
20322,0
20325,0
20328,0
20340,0
20342,0
20346,0
20348,0
20354,0
20359,0
20360,0
20362,0
20367,0
20370,0
20371,0
20373,0
20375,0
20380,0
20381,0
20382,0
20385,0
20387,0
20398,0
20401,0
20405,0
20407,0
20415,0
20419,0
20421,0
20422,0
20423,0
20425,0
20429,0
20432,0
20438,0
20439,0
20444,0
20449,0
20455,0
20459,0
20472,0
20482,0
20490,0
20496,0
20502,0
20505,0
20507,0
20508,0
20509,0
20514,0
20515,0
20525,0
20529,0
20530,1
20534,0
20536,0
20538,0
20542,0
20543,0
20556,0
20559,0
20560,0
20572,0
20579,0
20584,0
20592,0
20595,0
20597,0
20601,0
20603,0
20604,0
20610,0
20617,0
20622,0
20624,0
20625,0
20631,0
20633,0
20634,0
20635,0
20640,0
20641,0
20642,0
20646,0
20651,0
20654,0
20656,0
20657,0
20658,0
20659,0
20661,0
20662,0
20669,0
20672,0
20680,0
20687,0
20688,0
20689,0
20693,0
20696,0
20698,0
20703,0
20712,0
20714,0
20721,0
20722,0
20723,0
20725,0
20729,0
20730,0
20740,0
20744,0
20752,0
20753,0
20755,0
20757,0
20758,0
20760,0
20764,0
20772,0
20779,0
20789,0
20792,0
20802,0
20809,0
20812,0
20820,0
20822,0
20823,0
20825,0
20834,0
20836,0
20837,0
20848,0
20852,0
20858,0
20866,0
20877,0
20880,0
20884,0
20886,0
20888,0
20891,0
20894,0
20900,0
20906,0
20908,0
20910,0
20914,0
20926,0
20928,0
20929,0
20931,0
20939,0
20941,0
20945,0
20947,0
20952,0
20954,0
20955,0
20956,0
20958,0
20964,0
20967,0
20972,0
20975,0
20980,0
20982,0
20984,0
20985,0
20986,0
20989,0
20991,0
20992,0
21001,0
21003,0
21008,0
21011,0
21016,0
21036,0
21040,0
21042,0
21043,0
21046,0
21047,0
21056,0
21059,0
21066,0
21067,0
21069,0
21073,0
21077,0
21080,0
21084,0
21086,0
21091,0
21096,0
21100,0
21103,0
21109,0
21111,0
21119,0
21123,0
21129,0
21130,0
21132,0
21133,0
21138,0
21141,0
21143,0
21145,0
21147,0
21159,0
21164,0
21166,0
21168,0
21170,0
21171,0
21173,0
21175,0
21183,0
21189,0
21195,0
21198,0
21202,0
21208,0
21209,0
21210,0
21212,0
21213,0
21216,0
21218,0
21219,0
21220,0
21221,0
21225,0
21226,0
21230,0
21233,0
21235,0
21240,0
21249,0
21250,0
21251,0
21252,0
21255,0
21258,0
21267,0
21274,0
21278,0
21287,0
21289,0
21295,0
21300,0
21307,0
21308,0
21310,0
21312,0
21315,0
21330,0
21334,0
21337,0
21339,0
21347,0
21354,0
21357,0
21360,0
21361,0
21362,0
21363,0
21365,0
21368,0
21370,0
21378,0
21386,0
21391,0
21394,0
21400,0
21429,0
21432,0
21435,0
21438,0
21445,0
21446,0
21448,0
21449,0
21459,0
21460,0
21462,0
21467,0
21471,0
21475,0
21476,0
21479,0
21485,0
21486,0
21487,0
21488,0
21492,0
21496,0
21498,0
21501,0
21503,0
21515,0
21518,0
21519,0
21530,0
21532,0
21535,0
21540,0
21543,0
21545,0
21550,0
21551,0
21554,0
21555,0
21556,0
21557,0
21560,0
21563,0
21567,0
21574,0
21583,0
21589,0
21592,0
21593,0
21595,0
21602,0
21604,0
21615,0
21622,0
21624,0
21630,0
21642,0
21643,0
21650,0
21651,0
21658,0
21661,0
21666,0
21671,0
21677,0
21678,0
21679,0
21687,0
21689,0
21690,0
21694,0
21707,0
21709,0
21710,0
21713,0
21718,0
21720,0
21733,0
21734,0
21740,0
21741,0
21746,0
21748,0
21750,0
21755,0
21759,0
21768,0
21773,0
21774,0
21779,0
21783,0
21784,0
21792,0
21793,0
21795,0
21796,0
21797,0
21800,0
21802,0
21807,0
21810,0
21812,0
21814,0
21816,0
21820,0
21822,0
21827,0
21830,0
21834,0
21836,0
21838,0
21840,0
21844,0
21845,0
21847,0
21849,0
21850,0
21859,0
21862,0
21863,0
21864,0
21867,0
21881,0
21883,0
21887,0
21892,0
21895,0
21901,0
21903,0
21907,0
21910,0
21916,0
21926,0
21928,0
21929,0
21931,0
21933,0
21935,0
21953,0
21954,0
21956,0
21957,0
21961,0
21968,0
21971,0
21973,0
21982,0
21987,0
21990,0
21996,0
21998,0
22008,0
22009,0
22016,0
22017,0
22025,0
22027,0
22029,0
22032,0
22033,0
22039,0
22040,0
22046,0
22050,0
22058,0
22063,0
22071,0
22076,0
22084,0
22086,0
22087,0
22088,0
22089,0
22092,0
22093,0
22094,0
22096,0
22103,0
22110,0
22111,0
22118,0
22121,0
22127,0
22134,0
22143,0
22146,0
22157,0
22158,0
22173,0
22174,0
22175,0
22176,0
22181,0
22183,0
22184,0
22188,0
22195,0
22197,0
22200,0
22203,0
22204,0
22206,0
22209,0
22214,0
22215,0
22216,0
22217,0
22220,0
22224,0
22226,0
22234,0
22240,0
22243,0
22245,0
22246,0
22252,0
22253,0
22260,0
22262,0
22264,0
22266,0
22268,0
22270,0
22271,0
22274,0
22278,0
22285,0
22286,0
22287,0
22288,0
22290,0
22291,0
22295,0
22296,0
22300,0
22302,0
22308,0
22314,0
22331,0
22332,0
22339,0
22341,0
22343,0
22353,0
22354,0
22355,0
22356,0
22358,0
22359,0
22363,0
22373,0
22376,0
22380,0
22382,0
22384,0
22385,0
22391,0
22392,0
22396,0
22401,0
22406,0
22407,0
22411,0
22412,0
22422,0
22442,0
22443,0
22447,0
22461,0
22462,0
22468,0
22470,0
22474,0
22498,0
22503,0
22508,0
22512,0
22515,0
22520,0
22523,0
22525,0
22526,0
22530,0
22532,0
22537,0
22538,0
22539,0
22540,0
22544,0
22545,0
22547,0
22552,0
22553,0
22558,0
22562,0
22576,0
22580,0
22588,0
22594,0
22597,0
22600,0
22603,0
22609,0
22611,0
22614,0
22617,0
22618,0
22620,0
22621,0
22626,0
22633,0
22634,0
22638,0
22643,0
22644,0
22646,0
22652,0
22653,0
22658,0
22660,0
22665,0
22666,0
22667,0
22673,0
22681,0
22682,0
22683,0
22685,0
22688,0
22690,0
22694,0
22696,0
22697,0
22705,0
22707,0
22724,0
22728,0
22732,0
22736,0
22741,0
22743,0
22744,0
22745,0
22748,0
22752,0
22757,0
22763,0
22773,0
22777,0
22778,0
22782,0
22786,0
22787,0
22795,0
22797,0
22800,0
22808,0
22813,0
22814,0
22815,0
22821,0
22827,0
22833,0
22835,0
22844,0
22849,0
22850,0
22857,0
22860,0
22863,0
22867,0
22868,0
22869,0
22870,0
22871,0
22878,0
22885,0
22886,0
22890,0
22891,0
22895,0
22898,0
22907,0
22913,0
22915,0
22919,0
22926,0
22930,0
22936,0
22937,0
22941,0
22944,0
22945,0
22949,0
22955,0
22958,0
22963,0
22978,0
22979,0
22982,0
22985,0
22986,0
22991,0
22998,0
22999,0
23011,0
23014,0
23018,0
23019,0
23021,0
23022,0
23028,0
23029,0
23032,0
23033,0
23040,0
23042,0
23043,0
23047,0
23048,0
23051,0
23053,0
23057,0
23058,0
23061,0
23070,0
23076,0
23077,0
23082,0
23086,0
23088,0
23091,0
23095,0
23096,0
23099,0
23100,0
23105,0
23107,0
23112,0
23113,0
23114,0
23120,0
23123,0
23134,0
23138,0
23154,0
23159,0
23161,0
23163,0
23165,0
23166,0
23180,0
23182,0
23190,0
23192,0
23194,0
23196,0
23199,0
23202,0
23207,0
23208,0
23212,0
23224,0
23234,0
23235,0
23238,0
23243,0
23244,0
23245,0
23246,0
23248,0
23249,0
23251,0
23252,0
23256,0
23258,0
23265,0
23268,0
23271,0
23272,0
23274,0
23280,0
23285,0
23288,0
23292,0
23296,0
23304,0
23307,0
23314,0
23318,0
23322,0
23324,0
23330,0
23333,0
23336,0
23340,0
23351,0
23352,0
23354,0
23361,0
23362,0
23363,0
23370,0
23371,0
23374,0
23375,0
23379,0
23381,0
23392,0
23400,0
23404,0
23405,0
23409,0
23412,0
23414,0
23415,0
23416,0
23417,0
23420,0
23426,0
23427,0
23429,0
23434,0
23436,0
23453,0
23457,0
23460,0
23461,0
23464,0
23465,0
23471,0
23475,0
23480,0
23484,0
23493,0
23495,0
23500,0
23501,0
23503,0
23506,0
23509,0
23510,0
23511,0
23516,0
23520,0
23521,0
23527,0
23537,0
23542,0
23544,0
23547,0
23549,0
23550,0
23555,0
23560,0
23563,0
23565,0
23569,0
23570,0
23571,0
23578,0
23584,0
23585,0
23588,0
23589,0
23590,0
23595,0
23603,0
23615,0
23618,0
23620,0
23621,0
23622,0
23634,0
23638,0
23643,0
23644,0
23646,0
23657,0
23664,0
23666,0
23667,0
23668,0
23670,0
23673,0
23674,0
23677,0
23683,0
23693,0
23697,0
23700,0
23704,0
23709,0
23714,0
23718,0
23720,0
23722,0
23727,0
23728,0
23729,0
23734,0
23740,0
23742,0
23743,0
23748,0
23750,0
23753,0
23763,0
23768,0
23769,0
23773,0
23778,0
23780,0
23786,0
23787,0
23788,0
23790,0
23797,0
23799,0
23802,0
23805,0
23807,0
23808,0
23810,0
23812,0
23814,0
23816,0
23820,0
23824,0
23828,0
23832,0
23854,0
23860,0
23865,0
23866,0
23867,0
23868,0
23869,0
23871,0
23876,0
23879,0
23882,0
23891,0
23898,0
23906,0
23907,0
23912,0
23913,0
23917,0
23920,0
23922,0
23926,0
23933,0
23939,0
23941,0
23950,0
23951,0
23953,0
23954,0
23957,0
23971,0
23974,0
23980,0
23984,0
23986,0
23991,0
23994,0
24012,0
24014,0
24020,0
24023,0
24027,0
24028,0
24030,0
24033,0
24042,0
24051,0
24055,0
24056,0
24057,0
24062,0
24063,0
24064,0
24065,0
24069,0
24071,0
24074,0
24075,0
24076,0
24079,0
24085,0
24087,0
24088,0
24091,0
24096,0
24098,0
24100,0
24101,0
24104,0
24107,0
24124,0
24128,0
24130,0
24131,0
24135,0
24137,0
24140,0
24149,0
24151,0
24156,0
24162,0
24163,0
24166,0
24171,0
24172,0
24177,0
24183,0
24192,0
24199,0
24202,0
24207,0
24210,0
24212,0
24213,0
24218,0
24220,0
24221,0
24222,0
24227,0
24228,0
24230,0
24231,0
24235,0
24237,0
24239,0
24241,0
24247,0
24248,0
24257,1
24263,0
24267,0
24282,0
24284,0
24285,0
24286,0
24288,0
24289,0
24290,0
24295,0
24301,0
24304,0
24309,0
24310,0
24311,0
24319,0
24322,0
24327,0
24330,0
24331,0
24335,0
24338,0
24340,0
24341,0
24344,0
24346,0
24349,0
24353,0
24357,0
24358,0
24365,0
24366,0
24371,0
24372,0
24374,0
24376,0
24389,0
24402,0
24405,0
24413,0
24415,0
24416,0
24417,0
24418,0
24419,0
24421,0
24423,0
24426,0
24430,0
24437,0
24440,0
24450,0
24459,0
24461,0
24463,0
24464,0
24465,0
24466,0
24468,0
24477,0
24478,0
24479,0
24480,0
24483,0
24487,0
24489,0
24492,0
24494,0
24496,0
24504,0
24506,0
24507,0
24509,0
24510,0
24517,0
24522,0
24523,0
24524,0
24525,0
24532,0
24533,0
24544,0
24549,0
24555,0
24561,0
24562,0
24564,0
24566,0
24567,0
24571,0
24572,0
24581,0
24590,0
24592,0
24596,0
24611,0
24614,0
24616,0
24618,0
24622,0
24626,0
24636,0
24639,0
24643,0
24649,0
24652,0
24656,0
24662,0
24663,0
24668,0
24671,0
24674,0
24675,0
24687,0
24688,0
24689,0
24690,0
24693,0
24706,0
24709,0
24711,0
24715,0
24717,0
24718,0
24722,0
24723,0
24724,0
24726,0
24730,0
24732,0
24733,0
24734,0
24736,0
24737,0
24741,0
24743,0
24748,0
24752,0
24753,0
24755,0
24762,0
24764,0
24765,0
24769,0
24771,0
24772,0
24775,0
24786,0
24792,0
24793,0
24794,0
24799,0
24801,0
24809,0
24810,0
24811,0
24812,0
24822,0
24827,0
24828,0
24830,0
24831,0
24835,0
24838,0
24840,0
24841,0
24849,0
24850,0
24854,0
24855,0
24869,0
24873,0
24874,0
24877,0
24888,0
24892,0
24895,0
24899,0
24903,0
24912,0
24915,0
24916,0
24928,0
24931,0
24933,0
24935,0
24936,0
24940,0
24956,0
24957,0
24963,0
24965,0
24971,0
24972,0
24980,0
24982,0
24983,0
24993,0
24996,0
